2019,Virginia,Tony Bennett,85-77,Texas Tech,Minneapolis; Minn.
2018,Villanova,Jay Wright,79-62,Michigan,San Antonio; Tex.
2017,North Carolina,Roy Williams,71-65,Gonzaga,Phoenix; Ariz.
2016,Villanova,Jay Wright,77-74,North Carolina,Houston; Texas
2015,Duke,Mike Krzyzewski,68-63,Wisconsin,Indianapolis; Ind.
2014,Connecticut,Kevin Ollie,60-54,Kentucky,Arlington; Texas
2013,Louisville*,Rick Pitino,82-76,Michigan,Atlanta; Ga.
2012,Kentucky,John Calipari,67-59,Kansas,New Orleans; La.
2011,Connecticut,Jim Calhoun,53-41,Butler,Houston; Texas
2010,Duke,Mike Krzyzewski,61-59,Butler,Indianapolis; Ind.
2009,North Carolina,Roy Williams,89-72,Michigan State,Detroit; Mich.
2008,Kansas,Bill Self,75-68,Memphis,San Antonio; Texas
2007,Florida,Billy Donovan,84-75,Ohio State,Atlanta; Ga.
2006,Florida,Billy Donovan,73-57,UCLA,Indianapolis; Ind.
2005,North Carolina,Roy Williams,75-70,Illinois,St. Louis; Mo.
2004,Connecticut,Jim Calhoun,82-73,Georgia Tech,San Antonio; Texas
2003,Syracuse,Jim Boeheim,81-78,Kansas,New Orleans; La.
2002,Maryland,Gary Williams,64-52,Indiana,Atlanta; Ga.
2001,Duke,Mike Krzyzewski,82-72,Arizona,Minneapolis; Minn.
2000,Michigan State,Tom Izzo,89-76,Florida,Indianapolis; Ind.
1999,Connecticut,Jim Calhoun,77-74,Duke,St. Petersburg; Fla.
1998,Kentucky,Tubby Smith,78-69,Utah,San Antonio; Texas
1997,Arizona,Lute Olson,84-79,Kentucky,Indianapolis; Ind.
1996,Kentucky,Rick Pitino,76-67,Syracuse,East Rutherford; N.J.
1995,UCLA,Jim Harrick,89-78,Arkansas,Seattle; Wash.
1994,Arkansas,Nolan Richardson,76-72,Duke,Charlotte; N.C.
1993,North Carolina,Dean Smith,77-71,Michigan,New Orleans; La.
1992,Duke,Mike Krzyzewski,71-51,Michigan,Minneapolis; Minn.
1991,Duke,Mike Krzyzewski,72-65,Kansas,Indianapolis; Ind.
1990,UNLV,Jerry Tarkanian,103-73,Duke,Denver; Colo.
1989,Michigan,Steve Fisher,80-79,Seton Hall,Seattle; Wash.
1988,Kansas,Larry Brown,83-79,Oklahoma,Kansas City; Mo.
1987,Indiana,Bob Knight,74-73,Syracuse,New Orleans; La.
1986,Louisville,Denny Crum,72-69,Duke,Dallas; Texas
1985,Villanova,Rollie Massimino,66-64,Georgetown,"Lexington; Ky,"
1984,Georgetown,John Thompson,84-75,Houston,Seattle; Wash.
1983,North Carolina State,Jim Valvano,54-52,Houston,Albuquerque; N.M.
1982,North Carolina,Dean Smith,63-62,Georgetown,New Orleans; La.
1981,Indiana,Bob Knight,63-50,North Carolina,Philadelphia; Pa.
1980,Louisville,Denny Crum,59-54,UCLA,Indianapolis; Ind.
1979,Michigan State,Jud Heathcote,75-64,Indiana State,Salt Lake City; Utah
1978,Kentucky,Joe Hall,94-88,Duke,St. Louis; Mo.
1977,Marquette,Al McGuire,67-59,North Carolina,Atlanta; Ga.
1976,Indiana,Bob Knight,86-68,Michigan,Philadelphia; Pa.
1975,UCLA,John Wooden,92-85,Kentucky,San Diego; Calif.
1974,North Carolina State,Norm Sloan,76-64,Marquette,Greensboro; N.C.
1973,UCLA,John Wooden,87-66,Memphis State,St. Louis; Mo.
1972,UCLA,John Wooden,81-76,Florida State,Los Angeles; Calif.
1971,UCLA,John Wooden,68-62,Villanova,Houston; Texas
1970,UCLA,John Wooden,80-69,Jacksonville,College Park; Md.
1969,UCLA,John Wooden,92-72,Purdue,Louisville; Ky.
1968,UCLA,John Wooden,78-55,North Carolina,Los Angeles; Calif.
1967,UCLA,John Wooden,79-64,Dayton,Louisville; Ky.
1966,UTEP,Don Haskins,72-65,Kentucky,College Park; Md.
1965,UCLA,John Wooden,91-80,Michigan,Portland; Ore.
1964,UCLA,John Wooden,98-83,Duke,Kansas City; Mo.
1963,Loyola,George Ireland,60-58,Cincinnati,Louisville; Ky.
1962,Cincinnati,Ed Jucker,71-59,Ohio State,Louisville; Ky.
1961,Cincinnati,Ed Jucker,70-65,Ohio State,Kansas City; Mo.
1960,Ohio State,Fred Taylor,75-55,California,Daly City; Calif.
1959,California,Pete Newell,71-70,West Virginia,Louisville; Ky.
1958,Kentucky,Adolph Rupp,84-72,Seattle,Louisville; Ky.
1957,North Carolina,Frank McGuire,54-53,Kansas,Kansas City; Mo.
1956,San Francisco,Phil Woolpert,83-71,Iowa,Evanston; Ill.
1955,San Francisco,Phil Woolpert,77-63,LaSalle,Kansas City; Mo.
1954,La Salle,Ken Loeffler,92-76,Bradley,Kansas City; Mo.
1953,Indiana,Branch McCracken,69-68,Kansas,Kansas City; Mo.
1952,Kansas,Phog Allen,80-63,St. John's,Seattle; Wash.
1951,Kentucky,Adolph Rupp,68-58,Kansas State,Minneapolis; Minn.
1950,CCNY,Nat Holman,71-68,Bradley,New York; N.Y.
1949,Kentucky,Adolph Rupp,46-36,Oklahoma A&M,Seattle; Wash.
1948,Kentucky,Adolph Rupp,58-42,Baylor,New York; N.Y.
1947,Holy Cross,Doggie Julian,58-47,Oklahoma,New York; N.Y.
1946,Oklahoma State,Henry Iba,43-40,North Carolina,New York; N.Y.
1945,Oklahoma State,Henry Iba,49-45,NYU,New York; N.Y.
1944,Utah,Vadal Peterson,42-40,Dartmouth,New York; N.Y.
1943,Wyoming,Everett Shelton,46-34,Georgetown,New York; N.Y.
1942,Stanford,Everett Dean,53-38,Dartmouth,Kansas City; Mo.
1941,Wisconsin,Bud Foster,39-34,Washington State,Kansas City; Mo.
1940,Indiana,Branch McCracken,60-42,Kansas,Kansas City; Mo.
1939,Oregon,Howard Hobson,46-33,Ohio State,Evanston; Ill.
